7800;1.07E-06;0.017252911
7800.301587;1.11E-06;0.016488099
7800.602108;1.16E-06;0.015745549
7800.901516;1.20E-06;0.015025256
7801.199759;1.25E-06;0.014327218
7801.496785;1.29E-06;0.013651429
7801.79254;1.35E-06;0.012997888
7802.086966;1.40E-06;0.012366589
7802.380005;1.45E-06;0.011757529
7802.671596;1.51E-06;0.011170702
7802.961674;1.57E-06;0.010606105
7803.250174;1.63E-06;0.010063732
7803.537028;1.69E-06;0.009543578
7803.822162;1.76E-06;0.009045638
7804.105505;1.82E-06;0.008569905
7804.386978;1.90E-06;0.008116373
7804.666502;1.97E-06;0.007685035
7804.943993;2.05E-06;0.007275884
7805.219365;2.13E-06;0.006888913
7805.492528;2.21E-06;0.006524063
7805.76339;2.29E-06;0.006180733
7806.031854;2.38E-06;0.005857981
7806.297818;2.48E-06;0.00555486
7806.561179;2.57E-06;0.005270421
7806.821827;2.67E-06;0.005003716
7807.079651;2.78E-06;0.004753796
7807.334534;2.88E-06;0.004519712
7807.586353;3.00E-06;0.004300514
7807.834982;3.11E-06;0.004095252
7808.080291;3.23E-06;0.003902977
7808.322143;3.36E-06;0.00372274
7808.560396;3.49E-06;0.003553591
7808.794904;3.63E-06;0.003394583
7809.025515;3.77E-06;0.003244767
7809.25207;3.92E-06;0.003103196
7809.474404;4.07E-06;0.002968922
7809.692348;4.23E-06;0.002841002
7809.905723;4.39E-06;0.002718499
7810.114346;4.56E-06;0.002600825
7810.318026;4.74E-06;0.002487817
7810.516565;4.92E-06;0.00237934
7810.709757;5.12E-06;0.002275258
7810.897389;5.31E-06;0.002175438
7811.079238;5.52E-06;0.002079748
7811.255077;5.74E-06;0.001988054
7811.424664;5.96E-06;0.001900226
7811.587755;6.19E-06;0.001816134
7811.744091;6.43E-06;0.001735646
7811.893407;6.68E-06;0.001658635
7812.035427;6.94E-06;0.001584971
7812.169864;7.21E-06;0.001514525
7812.296421;7.49E-06;0.001447171
7812.414792;7.78E-06;0.001382779
7812.524656;8.08E-06;0.001321224
7812.625684;8.39E-06;0.001262378
7812.717532;8.72E-06;0.001206116
7812.799845;9.06E-06;0.001152322
7812.872257;9.41E-06;0.001100915
7812.934385;9.77E-06;0.001051817
7812.985835;1.01E-05;0.001004952
7813.026198;1.05E-05;0.000960243
7813.055052;1.09E-05;0.000917615
7813.071959;1.14E-05;0.000876989
7813.076465;1.18E-05;0.00083829
7813.068102;1.23E-05;0.000801442
7813.046384;1.27E-05;0.000766369
7813.010809;1.32E-05;0.000732994
7812.96086;1.37E-05;0.000701242
7812.896;1.42E-05;0.000671037
7812.815675;1.48E-05;0.000642304
7812.719313;1.53E-05;0.000614967
7812.606322;1.59E-05;0.000588953
7812.476091;1.65E-05;0.000564186
7812.327992;1.72E-05;0.000540593
7812.161372;1.78E-05;0.000518102
7811.975562;1.85E-05;0.000496659
7811.76987;1.92E-05;0.000476226
7811.543583;1.99E-05;0.000456764
7811.295966;2.07E-05;0.000438236
7811.026262;2.14E-05;0.000420602
7810.733693;2.22E-05;0.000403824
7810.417456;2.31E-05;0.000387863
7810.076728;2.39E-05;0.000372681
7809.71066;2.48E-05;0.000358239
7809.318381;2.57E-05;0.000344498
7808.898996;2.67E-05;0.000331422
7808.451588;2.77E-05;0.000318972
7807.975213;2.87E-05;0.000307111
7807.468906;2.97E-05;0.000295802
7806.931677;3.08E-05;0.000285008
7806.362513;3.19E-05;0.000274694
7805.760377;3.31E-05;0.000264823
7805.124209;3.43E-05;0.000255362
7804.452925;3.55E-05;0.000246277
7803.745421;3.68E-05;0.000237542
7803.000568;3.81E-05;0.000229146
7802.217217;3.94E-05;0.000221079
7801.3942;4.08E-05;0.00021333
7800.530325;4.22E-05;0.000205889
7799.624385;4.37E-05;0.000198746
7798.675152;4.52E-05;0.000191891
7797.681383;4.68E-05;0.000185314
7796.641819;4.84E-05;0.000179006
7795.555187;5.00E-05;0.000172957
7794.420202;5.17E-05;0.000167158
7793.235568;5.35E-05;0.0001616
7791.999981;5.53E-05;0.000156275
7790.712129;5.71E-05;0.000151173
7789.370698;5.90E-05;0.000146286
7787.974371;6.09E-05;0.000141606
7786.521831;6.29E-05;0.000137124
7785.011767;6.49E-05;0.000132833
7783.442873;6.70E-05;0.000128725
7781.813854;6.91E-05;0.000124792
7780.123428;7.12E-05;0.000121026
7778.370331;7.34E-05;0.000117422
7776.553319;7.57E-05;0.000113973
7774.671173;7.80E-05;0.000110673
7772.722704;8.03E-05;0.000107517
7770.706756;8.27E-05;0.0001045
7768.622211;8.51E-05;0.000101615
7766.467995;8.75E-05;9.89E-05
7764.243081;9.00E-05;9.62E-05
7761.946493;9.25E-05;9.37E-05
7759.577315;9.51E-05;9.13E-05
7757.134694;9.77E-05;8.90E-05
7754.617845;0.0001003;8.68E-05
7752.026055;0.000102942;8.47E-05
7749.358694;0.000105608;8.27E-05
7746.615212;0.000108293;8.08E-05
7743.795153;0.000110997;7.90E-05
7740.898153;0.000113714;7.72E-05
7737.923952;0.000116441;7.56E-05
7734.872391;0.000119175;7.40E-05
7731.743426;0.000121912;7.25E-05
7728.537126;0.000124647;7.10E-05
7725.253681;0.000127377;6.96E-05
7721.893403;0.000130096;6.83E-05
7718.456736;0.000132801;6.71E-05
7714.944252;0.000135487;6.59E-05
7711.35666;0.000138148;6.47E-05
7707.694804;0.000140781;6.36E-05
7703.959672;0.000143379;6.26E-05
7700.15239;0.000145938;6.16E-05
7696.274228;0.000148452;6.07E-05
7692.326601;0.000150917;5.98E-05
7688.311065;0.000153326;5.89E-05
7684.22932;0.000155676;5.81E-05
7680.083208;0.000157959;5.74E-05
7675.874712;0.000160173;5.67E-05
7671.605949;0.00016231;5.60E-05
7667.279174;0.000164367;5.54E-05
7662.896769;0.000166339;5.48E-05
7658.461243;0.00016822;5.42E-05
7653.975225;0.000170006;5.37E-05
7649.441459;0.000171693;5.33E-05
7644.862796;0.000173277;5.28E-05
7640.242189;0.000174753;5.24E-05
7635.582684;0.000176119;5.21E-05
7630.88741;0.00017737;5.17E-05
7626.159575;0.000178505;5.14E-05
7621.402454;0.000179519;5.12E-05
7616.61938;0.000180411;5.10E-05
7611.813734;0.000181178;5.08E-05
7606.988935;0.000181819;5.06E-05
7602.148432;0.000182333;5.05E-05
7597.29569;0.000182719;5.04E-05
7592.434185;0.000182976;5.03E-05
7587.567387;0.000183103;5.03E-05
7582.698756;0.000183102;5.03E-05
7577.831728;0.000182972;5.03E-05
7572.969708;0.000182715;5.04E-05
7568.116058;0.000182332;5.05E-05
7563.274089;0.000181824;5.06E-05
7558.447053;0.000181194;5.08E-05
7553.638132;0.000180444;5.10E-05
7548.850431;0.000179576;5.12E-05
7544.086974;0.000178594;5.14E-05
7539.350691;0.0001775;5.17E-05
7534.644417;0.000176298;5.20E-05
7529.970883;0.000174992;5.24E-05
7525.33271;0.000173586;5.27E-05
7520.732409;0.000172084;5.32E-05
7516.172373;0.000170489;5.36E-05
7511.654875;0.000168807;5.41E-05
7507.182065;0.000167042;5.46E-05
7502.755967;0.000165199;5.51E-05
7498.37848;0.000163282;5.57E-05
7494.051376;0.000161296;5.63E-05
7489.776296;0.000159245;5.70E-05
7485.554757;0.000157136;5.77E-05
7481.388147;0.000154972;5.84E-05
7477.277728;0.000152759;5.91E-05
7473.224638;0.0001505;5.99E-05
7469.229892;0.000148201;6.08E-05
7465.294387;0.000145867;6.16E-05
7461.4189;0.000143501;6.26E-05
7457.604095;0.000141109;6.35E-05
7453.850525;0.000138694;6.45E-05
7450.158637;0.000136261;6.55E-05
7446.528771;0.000133814;6.66E-05
7442.96117;0.000131356;6.77E-05
7439.455981;0.000128892;6.89E-05
7436.01326;0.000126425;7.01E-05
7432.632973;0.000123958;7.14E-05
7429.315007;0.000121495;7.27E-05
7426.059168;0.000119039;7.41E-05
7422.865191;0.000116592;7.55E-05
7419.732738;0.000114159;7.70E-05
7416.661409;0.00011174;7.85E-05
7413.65074;0.000109339;8.01E-05
7410.700214;0.000106958;8.17E-05
7407.809259;0.000104599;8.35E-05
7404.977255;0.000102264;8.52E-05
7402.203539;1.00E-04;8.71E-05
7399.487407;9.77E-05;8.90E-05
7396.828117;9.54E-05;9.10E-05
7394.224896;9.32E-05;9.31E-05
7391.676939;9.10E-05;9.52E-05
7389.183417;8.88E-05;9.74E-05
7386.743476;8.67E-05;9.97E-05
7384.356244;8.46E-05;0.00010213
7382.020829;8.26E-05;0.000104602
7379.736327;8.06E-05;0.000107163
7377.501822;7.86E-05;0.000109814
7375.316386;7.66E-05;0.000112558
7373.179087;7.47E-05;0.000115397
7371.088987;7.29E-05;0.000118333
7369.045144;7.10E-05;0.000121368
7367.046616;6.92E-05;0.000124505
7365.092463;6.75E-05;0.000127746
7363.181745;6.58E-05;0.000131094
7361.313526;6.41E-05;0.000134552
7359.486878;6.24E-05;0.000138124
7357.700877;6.08E-05;0.000141811
7355.954608;5.92E-05;0.000145616
7354.247163;5.77E-05;0.000149543
7352.577647;5.62E-05;0.000153595
7350.945172;5.48E-05;0.000157773
7349.348865;5.33E-05;0.000162082
7347.787861;5.19E-05;0.000166523
7346.261312;5.06E-05;0.000171099
7344.768381;4.93E-05;0.000175813
7343.308245;4.80E-05;0.000180667
7341.880095;4.67E-05;0.000185664
7340.483136;4.55E-05;0.000190807
7339.116591;4.43E-05;0.000196098
7337.779694;4.31E-05;0.000201539
7336.471696;4.20E-05;0.000207132
7335.191864;4.09E-05;0.000212881
7333.93948;3.98E-05;0.000218786
7332.71384;3.88E-05;0.000224851
7331.514257;3.78E-05;0.000231076
7330.340061;3.68E-05;0.000237466
7329.190594;3.58E-05;0.00024402
7328.065216;3.49E-05;0.000250741
7326.963301;3.40E-05;0.000257634
7325.884239;3.31E-05;0.000264708
7324.827436;3.22E-05;0.000271974
7323.792309;3.14E-05;0.000279444
7322.778294;3.06E-05;0.000287127
7321.78484;2.98E-05;0.000295035
7320.811409;2.90E-05;0.000303176
7319.857479;2.83E-05;0.000311561
7318.922541;2.76E-05;0.0003202
7318.006099;2.69E-05;0.000329101
7317.107671;2.62E-05;0.000338274
7316.226789;2.55E-05;0.000347727
7315.362996;2.49E-05;0.000357469
7314.515848;2.42E-05;0.000367507
7313.684916;2.36E-05;0.000377848
7312.869779;2.30E-05;0.000388501
7312.070031;2.25E-05;0.000399472
7311.285275;2.19E-05;0.000410768
7310.515128;2.14E-05;0.000422394
7309.759215;2.08E-05;0.000434357
7309.017175;2.03E-05;0.000446662
7308.288654;1.98E-05;0.000459313
7307.573311;1.93E-05;0.000472315
7306.870815;1.89E-05;0.000485673
7306.180842;1.84E-05;0.00049939
7305.503079;1.80E-05;0.000513469
7304.837223;1.75E-05;0.000527913
7304.18298;1.71E-05;0.000542725
7303.540062;1.67E-05;0.000557914
7302.908194;1.63E-05;0.000573492
7302.287104;1.59E-05;0.000589468
7301.676533;1.55E-05;0.000605853
7301.076226;1.52E-05;0.000622656
7300.485937;1.48E-05;0.000639885
7299.905429;1.45E-05;0.000657549
7299.334468;1.42E-05;0.000675655
7298.772832;1.38E-05;0.00069421
7298.220302;1.35E-05;0.00071322
7297.676666;1.32E-05;0.000732691
7297.14172;1.29E-05;0.000752627
7296.615266;1.26E-05;0.000773034
7296.097109;1.24E-05;0.000793915
7295.587064;1.21E-05;0.000815272
7295.084949;1.18E-05;0.00083711
7294.590587;1.16E-05;0.000859429
7294.103809;1.13E-05;0.000882232
7293.624448;1.11E-05;0.000905519
7293.152344;1.08E-05;0.000929291
7292.687342;1.06E-05;0.000953547
7292.22929;1.04E-05;0.000978287
7291.778042;1.02E-05;0.00100351
7291.333455;9.95E-06;0.001029213
7290.895391;9.74E-06;0.001055394
7290.463717;9.54E-06;0.001082051
7290.038303;9.35E-06;0.00110918
7289.619023;9.16E-06;0.001136777
7289.205755;8.98E-06;0.001164838
7288.79838;8.80E-06;0.001193359
7288.396783;8.62E-06;0.001222334
7288.000852;8.45E-06;0.00125176
7287.610479;8.29E-06;0.001281637
7287.225559;8.13E-06;0.001311966
7286.84599;7.97E-06;0.001342746
7286.471673;7.82E-06;0.001373974
7286.102511;7.67E-06;0.00140565
7285.738411;7.53E-06;0.00143777
7285.379283;7.39E-06;0.00147033
7285.025038;7.25E-06;0.001503327
7284.675592;7.12E-06;0.001536756
7284.330861;6.99E-06;0.001570611
7283.990764;6.87E-06;0.001604886
7283.655224;6.75E-06;0.001639575
7283.324165;6.63E-06;0.00167467
7282.997512;6.51E-06;0.001710163
7282.675193;6.40E-06;0.001746047
7282.357141;6.29E-06;0.001782312
7282.043285;6.18E-06;0.001818948
7281.733562;6.08E-06;0.001855947
7281.427907;5.98E-06;0.001893297
7281.126257;5.88E-06;0.001930988
7280.828553;5.78E-06;0.001969008
7280.534736;5.69E-06;0.002007346
7280.244749;5.60E-06;0.002045989
7279.958535;5.51E-06;0.002084924
7279.676043;5.42E-06;0.002124139
7279.397218;5.34E-06;0.002163621
7279.12201;5.26E-06;0.002203354
7278.85037;5.18E-06;0.002243326
7278.582248;5.10E-06;0.002283522
7278.317599;5.02E-06;0.002323927
7278.056376;4.95E-06;0.002364525
7277.798535;4.88E-06;0.002405302
7277.544033;4.81E-06;0.002446241
7277.292827;4.74E-06;0.002487327
7277.044877;4.67E-06;0.002528544
7276.800142;4.61E-06;0.002569874
7276.558584;4.55E-06;0.002611302
7276.320164;4.48E-06;0.00265281
7276.084847;4.42E-06;0.002694381
7275.852595;4.37E-06;0.002735997
7275.623374;4.31E-06;0.002777643
7275.39715;4.25E-06;0.002819308
7275.17389;4.20E-06;0.002861002
7274.95356;4.15E-06;0.002902735
7274.736129;4.10E-06;0.002944514
7274.521567;4.05E-06;0.002986345
7274.309844;4.00E-06;0.00302823
7274.100929;3.95E-06;0.00307017
7273.894794;3.91E-06;0.003112163
7273.691412;3.86E-06;0.003154205
7273.490755;3.82E-06;0.00319629
7273.292796;3.77E-06;0.003238411
7273.097509;3.73E-06;0.003280559
7272.904869;3.69E-06;0.003322722
7272.714851;3.65E-06;0.003364888
7272.527431;3.62E-06;0.003407043
7272.342585;3.58E-06;0.003449171
7272.16029;3.54E-06;0.003491254
7271.980523;3.51E-06;0.003533276
7271.803261;3.47E-06;0.003575215
7271.628484;3.44E-06;0.003617051
7271.456169;3.41E-06;0.003658764
7271.286297;3.38E-06;0.003700329
7271.118847;3.35E-06;0.003741723
7270.953798;3.32E-06;0.003782922
7270.791131;3.29E-06;0.003823901
7270.630828;3.26E-06;0.003864633
7270.472869;3.23E-06;0.003905092
7270.317235;3.21E-06;0.003945251
7270.16391;3.18E-06;0.003985083
7270.012875;3.16E-06;0.004024559
7269.864112;3.13E-06;0.004063651
7269.717605;3.11E-06;0.004102331
7269.573337;3.09E-06;0.004140569
7269.431291;3.06E-06;0.004178336
7269.291452;3.04E-06;0.004215604
7269.153803;3.02E-06;0.004252343
7269.018329;3.00E-06;0.004288525
7268.885014;2.98E-06;0.004324119
7268.753843;2.97E-06;0.004359098
7268.624801;2.95E-06;0.004393432
7268.497874;2.93E-06;0.004427093
7268.373047;2.91E-06;0.004460052
7268.250305;2.90E-06;0.004492282
7268.129636;2.88E-06;0.004523756
7268.011024;2.87E-06;0.004554445
7267.894456;2.85E-06;0.004584324
7267.779919;2.84E-06;0.004613367
7267.667399;2.83E-06;0.004641547
7267.556882;2.81E-06;0.004668841
7267.448357;2.80E-06;0.004695223
7267.34181;2.79E-06;0.00472067
7267.237228;2.78E-06;0.00474516
7267.134598;2.77E-06;0.00476867
7267.033908;2.76E-06;0.004791179
7266.935146;2.75E-06;0.004812667
7266.838299;2.74E-06;0.004833113
7266.743355;2.73E-06;0.004852499
7266.650302;2.73E-06;0.004870807
7266.559128;2.72E-06;0.004888021
7266.46982;2.71E-06;0.004904124
7266.382367;2.71E-06;0.004919101
7266.296757;2.70E-06;0.004932939
7266.212978;2.70E-06;0.004945624
7266.131019;2.69E-06;0.004957145
7266.050867;2.69E-06;0.004967491
7265.972511;2.68E-06;0.004976651
7265.89594;2.68E-06;0.004984618
7265.821142;2.68E-06;0.004991383
7265.748105;2.67E-06;0.004996941
7265.676817;2.67E-06;0.005001286
7265.607268;2.67E-06;0.005004414
7265.539445;2.67E-06;0.005006321
7265.473337;2.67E-06;0.005007007
7265.408932;2.67E-06;0.005006469
7265.346219;2.67E-06;0.005004709
7265.285186;2.67E-06;0.005001728
7265.225822;2.67E-06;0.004997528
7265.168114;2.68E-06;0.004992114
7265.112051;2.68E-06;0.004985491
7265.057622;2.68E-06;0.004977663
7265.004813;2.69E-06;0.00496864
7264.953615;2.69E-06;0.004958428
7264.904013;2.69E-06;0.004947037
7264.855997;2.70E-06;0.004934479
7264.809554;2.71E-06;0.004920763
7264.764672;2.71E-06;0.004905904
7264.721339;2.72E-06;0.004889914
7264.679541;2.73E-06;0.004872808
7264.639268;2.73E-06;0.004854602
7264.600505;2.74E-06;0.004835313
7264.563241;2.75E-06;0.004814958
7264.527462;2.76E-06;0.004793555
7264.493155;2.77E-06;0.004771124
7264.460307;2.78E-06;0.004747686
7264.428905;2.79E-06;0.00472326
7264.398935;2.80E-06;0.00469787
7264.370383;2.81E-06;0.004671538
7264.343236;2.83E-06;0.004644287
7264.317479;2.84E-06;0.004616142
7264.293099;2.85E-06;0.004587127
7264.270081;2.87E-06;0.004557267
7264.24841;2.88E-06;0.00452659
7264.228071;2.90E-06;0.00449512
7264.20905;2.91E-06;0.004462885
7264.19133;2.93E-06;0.004429914
7264.174897;2.95E-06;0.004396232
7264.159734;2.96E-06;0.00436187
7264.145826;2.98E-06;0.004326855
7264.133155;3.00E-06;0.004291216
7264.121706;3.02E-06;0.004254982
7264.111462;3.04E-06;0.004218182
7264.102404;3.06E-06;0.004180846
7264.094516;3.09E-06;0.004143003
7264.08778;3.11E-06;0.004104681
7264.082177;3.13E-06;0.004065911
7264.077689;3.16E-06;0.004026721
7264.074296;3.18E-06;0.00398714
7264.07198;3.21E-06;0.003947197
7264.07072;3.23E-06;0.003906919
7264.070498;3.26E-06;0.003866335
7264.071291;3.29E-06;0.003825471
7264.073079;3.32E-06;0.003784355
7264.07584;3.35E-06;0.003743013
7264.079553;3.38E-06;0.00370147
7264.084195;3.41E-06;0.003659751
7264.089744;3.44E-06;0.00361788
7264.096175;3.47E-06;0.00357588
7264.103466;3.51E-06;0.003533772
7264.111591;3.54E-06;0.003491578
7264.120526;3.58E-06;0.003449317
7264.130244;3.62E-06;0.003407008
7264.140721;3.65E-06;0.003364668
7264.151928;3.69E-06;0.003322313
7264.163839;3.73E-06;0.003279958
7264.176425;3.78E-06;0.003237614
7264.189658;3.82E-06;0.003195294
7264.203508;3.86E-06;0.003153007
7264.217945;3.91E-06;0.00311076
7264.232938;3.95E-06;0.003068559
7264.248456;4.00E-06;0.003026408
7264.264465;4.05E-06;0.002984308
7264.280932;4.10E-06;0.002942259
7264.297824;4.15E-06;0.002900258
7264.315105;4.20E-06;0.002858299
7264.33274;4.26E-06;0.002816376
7264.350691;4.31E-06;0.002774477
7264.36892;4.37E-06;0.002732594
7264.387389;4.43E-06;0.002690737
7264.406058;4.49E-06;0.002648924
7264.424886;4.55E-06;0.002607172
7264.44383;4.62E-06;0.002565499
7264.462849;4.68E-06;0.002523922
7264.481897;4.75E-06;0.002482458
7264.500929;4.82E-06;0.002441124
7264.519899;4.89E-06;0.002399936
7264.538758;4.96E-06;0.002358911
7264.557457;5.03E-06;0.002318065
7264.575945;5.11E-06;0.002277413
7264.59417;5.19E-06;0.00223697
7264.61208;5.27E-06;0.002196753
7264.629618;5.35E-06;0.002156775
7264.646728;5.44E-06;0.002117051
7264.663352;5.53E-06;0.002077596
7264.67943;5.62E-06;0.002038422
7264.694901;5.71E-06;0.001999543
7264.709702;5.80E-06;0.001960973
7264.723767;5.90E-06;0.001922723
7264.737029;6.00E-06;0.001884805
7264.74942;6.10E-06;0.001847232
7264.760869;6.21E-06;0.001810014
7264.771302;6.32E-06;0.001773162
7264.780645;6.43E-06;0.001736686
7264.788821;6.54E-06;0.001700595
7264.795749;6.66E-06;0.001664899
7264.801349;6.78E-06;0.001629607
7264.805536;6.90E-06;0.001594725
7264.808223;7.03E-06;0.001560262
7264.80932;7.16E-06;0.001526225
7264.808736;7.30E-06;0.001492618
7264.806377;7.44E-06;0.001459449
7264.802144;7.58E-06;0.001426722
7264.795937;7.73E-06;0.00139444
7264.787652;7.88E-06;0.001362608
7264.777183;8.03E-06;0.001331228
7264.76442;8.19E-06;0.001300303
7264.749249;8.35E-06;0.001269833
7264.731555;8.52E-06;0.00123982
7264.711216;8.69E-06;0.001210263
7264.688109;8.87E-06;0.001181162
7264.662107;9.05E-06;0.001152524
7264.633077;9.24E-06;0.001124353
7264.600884;9.44E-06;0.001096654
7264.565388;9.64E-06;0.001069431
7264.526445;9.84E-06;0.001042689
7264.483906;1.01E-05;0.00101643
7264.437619;1.03E-05;0.000990657
7264.387425;1.05E-05;0.000965374
7264.333162;1.07E-05;0.000940581
7264.274662;1.10E-05;0.00091628
7264.211751;1.12E-05;0.000892471
7264.144251;1.15E-05;0.000869155
7264.071979;1.17E-05;0.000846331
7263.994744;1.20E-05;0.000823997
7263.912351;1.22E-05;0.000802154
7263.824598;1.25E-05;0.000780797
7263.731277;1.28E-05;0.000759924
7263.632173;1.31E-05;0.000739532
7263.527066;1.34E-05;0.000719616
7263.415726;1.37E-05;0.000700172
7263.297919;1.41E-05;0.000681194
7263.173402;1.44E-05;0.000662676
7263.041925;1.47E-05;0.000644612
7262.903229;1.51E-05;0.000626994
7262.757049;1.55E-05;0.000609814
7262.603109;1.58E-05;0.000593063
7262.441128;1.62E-05;0.000576732
7262.270813;1.66E-05;0.00056081
7262.091863;1.70E-05;0.000545288
7261.903969;1.75E-05;0.000530154
7261.70681;1.79E-05;0.000515398
7261.500057;1.83E-05;0.000501016
7261.283369;1.88E-05;0.000487006
7261.056397;1.93E-05;0.000473364
7260.81878;1.98E-05;0.000460087
7260.570144;2.03E-05;0.00044717
7260.310106;2.08E-05;0.00043461
7260.038272;2.14E-05;0.000422401
7259.754234;2.19E-05;0.000410538
7259.457572;2.25E-05;0.000399015
7259.147853;2.31E-05;0.000387826
7258.824634;2.37E-05;0.000376964
7258.487454;2.43E-05;0.000366422
7258.135843;2.49E-05;0.000356192
7257.769313;2.56E-05;0.000346267
7257.387364;2.63E-05;0.000336638
7256.989481;2.70E-05;0.000327297
7256.575134;2.77E-05;0.000318235
7256.143778;2.85E-05;0.000309442
7255.694851;2.92E-05;0.000300908
7255.227778;3.00E-05;0.000292624
7254.741963;3.08E-05;0.000284578
7254.236798;3.17E-05;0.000276761
7253.711656;3.26E-05;0.000269161
7253.165893;3.35E-05;0.000261767
7252.598848;3.44E-05;0.000254567
7252.009842;3.53E-05;0.00024755
7251.398177;3.63E-05;0.000240707
7250.763139;3.73E-05;0.000234036
7250.103994;3.83E-05;0.000227534
7249.419989;3.94E-05;0.000221201
7248.710353;4.05E-05;0.000215033
7247.974297;4.16E-05;0.000209029
7247.211011;4.28E-05;0.000203187
7246.419666;4.40E-05;0.000197504
7245.599416;4.52E-05;0.000191978
7244.749392;4.65E-05;0.000186607
7243.86871;4.78E-05;0.000181387
7242.956465;4.91E-05;0.000176317
7242.011731;5.05E-05;0.000171394
7241.033566;5.19E-05;0.000166616
7240.021009;5.34E-05;0.000161979
7238.973078;5.49E-05;0.000157481
7237.888778;5.64E-05;0.000153118
7236.767092;5.80E-05;0.000148889
7235.606987;5.96E-05;0.00014479
7234.407416;6.12E-05;0.000140818
7233.167313;6.29E-05;0.000136971
7231.8856;6.47E-05;0.000133244
7230.561181;6.65E-05;0.000129636
7229.192951;6.83E-05;0.000126143
7227.779791;7.02E-05;0.000122761
7226.320571;7.21E-05;0.000119488
7224.814151;7.41E-05;0.000116322
7223.259383;7.62E-05;0.00011326
7221.655113;7.82E-05;0.000110299
7220.000182;8.04E-05;0.000107438
7218.293427;8.25E-05;0.000104673
7216.533683;8.47E-05;0.000102003
7214.719788;8.70E-05;9.94E-05
7212.850581;8.93E-05;9.69E-05
7210.924906;9.17E-05;9.45E-05
7208.941618;9.41E-05;9.22E-05
7206.899578;9.66E-05;9.00E-05
7204.797664;9.91E-05;8.78E-05
7202.634768;0.000101635;8.57E-05
7200.409803;0.000104237;8.37E-05
7198.121703;0.000106884;8.18E-05
7195.76943;0.000109575;7.99E-05
7193.351973;0.00011231;7.81E-05
7190.868356;0.000115086;7.64E-05
7188.31764;0.000117903;7.47E-05
7185.698926;0.000120759;7.31E-05
7183.011361;0.000123652;7.15E-05
7180.254139;0.000126581;7.00E-05
7177.42651;0.000129543;6.86E-05
7174.52778;0.000132535;6.72E-05
7171.557317;0.000135557;6.58E-05
7168.514554;0.000138604;6.45E-05
7165.398996;0.000141674;6.33E-05
7162.210222;0.000144764;6.21E-05
7158.947892;0.000147871;6.09E-05
7155.611746;0.000150991;5.98E-05
7152.201614;0.000154121;5.87E-05
7148.717419;0.000157257;5.76E-05
7145.159176;0.000160396;5.66E-05
7141.527002;0.000163533;5.56E-05
7137.821116;0.000166663;5.47E-05
7134.041845;0.000169783;5.38E-05
7130.189624;0.000172888;5.29E-05
7126.265001;0.000175973;5.21E-05
7122.268639;0.000179033;5.13E-05
7118.201318;0.000182064;5.05E-05
7114.063938;0.00018506;4.98E-05
7109.857517;0.000188017;4.91E-05
7105.583198;0.000190929;4.84E-05
7101.242244;0.00019379;4.78E-05
7096.83604;0.000196596;4.72E-05
7092.366094;0.000199341;4.66E-05
7087.834034;0.000202021;4.61E-05
7083.241609;0.000204629;4.56E-05
7078.590685;0.000207161;4.51E-05
7073.883242;0.000209612;4.46E-05
7069.121376;0.000211976;4.41E-05
7064.307289;0.000214249;4.37E-05
7059.443289;0.000216425;4.33E-05
7054.531785;0.000218502;4.30E-05
7049.575281;0.000220473;4.26E-05
7044.576371;0.000222335;4.23E-05
7039.537735;0.000224085;4.20E-05
7034.46213;0.000225717;4.18E-05
7029.352383;0.000227229;4.15E-05
7024.211387;0.000228618;4.13E-05
7019.042093;0.000229881;4.11E-05
7013.847499;0.000231015;4.09E-05
7008.630645;0.000232019;4.08E-05
7003.394605;0.000232889;4.06E-05
6998.14248;0.000233626;4.05E-05
6992.877384;0.000234227;4.04E-05
6987.602442;0.000234692;4.03E-05
6982.320781;0.00023502;4.03E-05
6977.035517;0.000235212;4.03E-05
6971.749752;0.000235268;4.03E-05
6966.466562;0.000235187;4.03E-05
6961.188993;0.000234972;4.03E-05
6955.92005;0.000234624;4.04E-05
6950.662693;0.000234144;4.04E-05
6945.419826;0.000233534;4.05E-05
6940.194293;0.000232797;4.06E-05
6934.988873;0.000231935;4.08E-05
6929.80627;0.000230951;4.09E-05
6924.649112;0.000229848;4.11E-05
6919.51994;0.00022863;4.13E-05
6914.421212;0.0002273;4.15E-05
6909.355291;0.000225862;4.17E-05
6904.324444;0.00022432;4.20E-05
6899.330842;0.000222678;4.23E-05
6894.376553;0.000220941;4.26E-05
6889.463541;0.000219113;4.29E-05
6884.593665;0.000217198;4.32E-05
6879.768678;0.000215201;4.36E-05
6874.990225;0.000213127;4.39E-05
6870.259843;0.000210981;4.43E-05
6865.578962;0.000208767;4.48E-05
6860.948904;0.00020649;4.52E-05
6856.370883;0.000204155;4.56E-05
6851.84601;0.000201766;4.61E-05
6847.375291;0.000199329;4.66E-05
6842.959629;0.000196847;4.71E-05
6838.599826;0.000194326;4.77E-05
6834.296589;0.00019177;4.83E-05
6830.050526;0.000189184;4.88E-05
6825.862155;0.00018657;4.95E-05
6821.731902;0.000183935;5.01E-05
6817.660108;0.000181281;5.07E-05
6813.647028;0.000178613;5.14E-05
6809.692838;0.000175934;5.21E-05
6805.797638;0.000173249;5.28E-05
6801.961452;0.000170559;5.36E-05
6798.184236;0.00016787;5.43E-05
6794.465878;0.000165184;5.51E-05
6790.806204;0.000162504;5.60E-05
6787.204978;0.000159833;5.68E-05
6783.66191;0.000157173;5.77E-05
6780.176657;0.000154528;5.85E-05
6776.748825;0.000151899;5.94E-05
6773.377977;0.000149289;6.04E-05
6770.06363;0.0001467;6.13E-05
6766.805264;0.000144134;6.23E-05
6763.60232;0.000141593;6.33E-05
6760.454207;0.000139079;6.43E-05
6757.360304;0.000136592;6.54E-05
6754.31996;0.000134135;6.65E-05
6751.332502;0.000131708;6.76E-05
6748.397232;0.000129314;6.87E-05
6745.513433;0.000126952;6.99E-05
6742.68037;0.000124625;7.10E-05
6739.897293;0.000122331;7.22E-05
6737.163439;0.000120074;7.35E-05
6734.478033;0.000117852;7.47E-05
6731.840291;0.000115668;7.60E-05
6729.249422;0.00011352;7.74E-05
6726.70463;0.000111409;7.87E-05
6724.205114;0.000109337;8.01E-05
6721.750069;0.000107302;8.15E-05
6719.338692;0.000105305;8.29E-05
6716.970177;0.000103346;8.44E-05
6714.643722;0.000101426;8.59E-05
6712.358526;9.95E-05;8.74E-05
6710.113791;9.77E-05;8.90E-05
6707.908726;9.59E-05;9.06E-05
6705.742543;9.41E-05;9.22E-05
6703.614462;9.24E-05;9.38E-05
6701.523708;9.07E-05;9.55E-05
6699.469515;8.90E-05;9.72E-05
6697.451126;8.74E-05;9.90E-05
6695.46779;8.58E-05;0.000100745
6693.518769;8.43E-05;0.000102541
6691.603331;8.28E-05;0.000104367
6689.720757;8.13E-05;0.00010622
6687.870337;7.98E-05;0.000108101
6686.051372;7.84E-05;0.000110009
6684.263174;7.71E-05;0.000111943
6682.505066;7.57E-05;0.000113903
6680.776382;7.44E-05;0.000115889
6679.076468;7.31E-05;0.000117898
6677.404681;7.19E-05;0.000119931
6675.760391;7.07E-05;0.000121986
6674.142977;6.95E-05;0.000124064
6672.551832;6.83E-05;0.000126162
6670.98636;6.72E-05;0.00012828
6669.445976;6.61E-05;0.000130417
6667.930106;6.50E-05;0.000132572
6666.43819;6.40E-05;0.000134745
6664.969677;6.30E-05;0.000136934
6663.524027;6.20E-05;0.000139139
6662.100714;6.10E-05;0.000141357
6660.699219;6.01E-05;0.000143588
6659.319036;5.92E-05;0.000145831
6657.959672;5.83E-05;0.000148085
6656.620639;5.74E-05;0.000150347
6655.301465;5.66E-05;0.000152618
6654.001684;5.58E-05;0.000154895
6652.720843;5.50E-05;0.000157176
6651.458497;5.42E-05;0.000159462
6650.21421;5.34E-05;0.000161749
6648.987558;5.27E-05;0.000164037
6647.778124;5.20E-05;0.000166324
6646.585501;5.13E-05;0.000168608
6645.40929;5.06E-05;0.000170888
6644.249103;5.00E-05;0.000173161
6643.104556;4.94E-05;0.000175428
6641.975277;4.87E-05;0.000177685
6640.860901;4.82E-05;0.000179931
6639.761069;4.76E-05;0.000182164
6638.675433;4.70E-05;0.000184384
6637.603649;4.65E-05;0.000186587
6636.545381;4.60E-05;0.000188772
6635.500302;4.55E-05;0.000190937
6634.468089;4.50E-05;0.000193081
6633.448428;4.45E-05;0.000195202
6632.441008;4.40E-05;0.000197298
6631.445527;4.36E-05;0.000199367
6630.461689;4.32E-05;0.000201408
6629.489201;4.27E-05;0.000203419
6628.527778;4.23E-05;0.000205398
6627.57714;4.20E-05;0.000207344
6626.637012;4.16E-05;0.000209254
6625.707123;4.12E-05;0.000211127
6624.787209;4.09E-05;0.000212962
6623.877007;4.05E-05;0.000214756
6622.976262;4.02E-05;0.000216509
6622.084721;3.99E-05;0.000218218
6621.202137;3.96E-05;0.000219883
6620.328264;3.94E-05;0.0002215
6619.462864;3.91E-05;0.00022307
6618.605698;3.88E-05;0.000224591
6617.756534;3.86E-05;0.00022606
6616.91514;3.83E-05;0.000227478
6616.08129;3.81E-05;0.000228842
6615.25476;3.79E-05;0.000230151
6614.435327;3.77E-05;0.000231404
6613.622773;3.75E-05;0.000232599
6612.816881;3.73E-05;0.000233737
6612.017437;3.72E-05;0.000234815
6611.224228;3.70E-05;0.000235832
6610.437045;3.69E-05;0.000236787
6609.655679;3.67E-05;0.000237681
6608.879923;3.66E-05;0.000238511
6608.109572;3.65E-05;0.000239276
6607.344423;3.64E-05;0.000239977
6606.584272;3.63E-05;0.000240612
6605.828919;3.62E-05;0.000241181
6605.078162;3.62E-05;0.000241682
6604.331802;3.61E-05;0.000242117
6603.58964;3.60E-05;0.000242483
6602.851477;3.60E-05;0.000242781
6602.117116;3.60E-05;0.000243011
6601.386357;3.59E-05;0.000243172
6600.659003;3.59E-05;0.000243263
6599.934857;3.59E-05;0.000243286
6599.213719;3.59E-05;0.000243239
6598.495393;3.59E-05;0.000243123
6597.779678;3.60E-05;0.000242937
6597.066374;3.60E-05;0.000242682
6596.355283;3.61E-05;0.000242359
6595.646202;3.61E-05;0.000241967
6594.938929;3.62E-05;0.000241506
6594.233261;3.63E-05;0.000240978
6593.528992;3.63E-05;0.000240382
6592.825916;3.64E-05;0.000239719
6592.123826;3.66E-05;0.000238989
6591.422511;3.67E-05;0.000238194
6590.721759;3.68E-05;0.000237334
6590.021357;3.69E-05;0.000236409
6589.321088;3.71E-05;0.000235421
6588.620733;3.73E-05;0.000234371
6587.920073;3.74E-05;0.000233258
6587.218881;3.76E-05;0.000232085
6586.516932;3.78E-05;0.000230853
6585.813996;3.80E-05;0.000229562
6585.109839;3.82E-05;0.000228214
6584.404224;3.85E-05;0.000226809
6583.696911;3.87E-05;0.00022535
6582.987657;3.90E-05;0.000223837
6582.276213;3.92E-05;0.000222272
6581.562327;3.95E-05;0.000220656
6580.845742;3.98E-05;0.000218991
6580.126197;4.01E-05;0.000217277
6579.403427;4.04E-05;0.000215518
6578.67716;4.07E-05;0.000213713
6577.947122;4.11E-05;0.000211866
6577.21303;4.14E-05;0.000209977
6576.474598;4.18E-05;0.000208047
6575.731534;4.22E-05;0.00020608
6574.983539;4.26E-05;0.000204076
6574.230309;4.30E-05;0.000202037
6573.471532;4.35E-05;0.000199964
6572.706891;4.39E-05;0.000197861
6571.936061;4.44E-05;0.000195727
6571.158711;4.49E-05;0.000193566
6570.374501;4.54E-05;0.000191379
6569.583086;4.59E-05;0.000189168
6568.784111;4.64E-05;0.000186934
6567.977213;4.69E-05;0.00018468
6567.162021;4.75E-05;0.000182406
6566.338156;4.81E-05;0.000180116
6565.50523;4.87E-05;0.000177811
6564.662845;4.93E-05;0.000175492
6563.810594;5.00E-05;0.000173162
6562.948061;5.07E-05;0.000170821
6562.07482;5.13E-05;0.000168473
6561.190433;5.21E-05;0.000166118
6560.294453;5.28E-05;0.000163759
6559.386422;5.35E-05;0.000161396
6558.465872;5.43E-05;0.000159033
6557.532321;5.51E-05;0.000156669
6556.585277;5.60E-05;0.000154308
6555.624237;5.68E-05;0.00015195
6554.648683;5.77E-05;0.000149597
6553.658087;5.86E-05;0.000147251
6552.651907;5.95E-05;0.000144913
6551.629588;6.05E-05;0.000142584
6550.590563;6.15E-05;0.000140266
6549.534248;6.25E-05;0.000137961
6548.460048;6.35E-05;0.000135668
6547.367353;6.46E-05;0.00013339
6546.255539;6.57E-05;0.000131128
6545.123966;6.69E-05;0.000128883
6543.971979;6.81E-05;0.000126656
6542.798909;6.93E-05;0.000124448
6541.604072;7.05E-05;0.000122259
6540.386766;7.18E-05;0.000120092
6539.146275;7.31E-05;0.000117946
6537.881866;7.44E-05;0.000115823
6536.59279;7.58E-05;0.000113724
6535.278283;7.73E-05;0.00011165
6533.937563;7.87E-05;0.000109602
6532.569831;8.02E-05;0.00010758
6531.174273;8.18E-05;0.000105585
6529.750057;8.34E-05;0.000103618
6528.296334;8.50E-05;0.00010168
6526.812241;8.67E-05;9.98E-05
6525.296896;8.84E-05;9.79E-05
6523.7494;9.02E-05;9.60E-05
6522.16884;9.20E-05;9.42E-05
6520.554285;9.39E-05;9.24E-05
6518.904788;9.58E-05;9.07E-05
6517.219389;9.78E-05;8.89E-05
6515.497109;9.98E-05;8.72E-05
6513.736957;0.000101831;8.56E-05
6511.937927;0.000103947;8.39E-05
6510.098999;0.000106115;8.23E-05
6508.21914;0.000108338;8.08E-05
6506.297304;0.000110614;7.92E-05
6504.332434;0.000112946;7.77E-05
6502.323463;0.000115333;7.62E-05
6500.269313;0.000117776;7.48E-05
6498.168897;0.000120276;7.34E-05
6496.021122;0.000122834;7.20E-05
6493.824888;0.000125449;7.06E-05
6491.57909;0.000128123;6.93E-05
6489.282619;0.000130855;6.80E-05
6486.934366;0.000133646;6.67E-05
6484.533219;0.000136496;6.54E-05
6482.07807;0.000139405;6.42E-05
6479.567815;0.000142373;6.30E-05
6477.001353;0.0001454;6.18E-05
6474.377594;0.000148486;6.07E-05
6471.695456;0.00015163;5.95E-05
6468.953872;0.000154832;5.84E-05
6466.151788;0.000158092;5.74E-05
6463.288169;0.000161408;5.63E-05
6460.362001;0.000164781;5.53E-05
6457.372293;0.000168208;5.43E-05
6454.318083;0.000171688;5.33E-05
6451.198436;0.000175221;5.23E-05
6448.012453;0.000178805;5.14E-05
6444.75927;0.000182438;5.05E-05
6441.438064;0.000186119;4.96E-05
6438.048057;0.000189845;4.87E-05
6434.588515;0.000193614;4.79E-05
6431.05876;0.000197424;4.70E-05
6427.458164;0.000201271;4.62E-05
6423.786163;0.000205155;4.54E-05
6420.042251;0.00020907;4.47E-05
6416.22599;0.000213014;4.40E-05
6412.337015;0.000216984;4.32E-05
6408.37503;0.000220976;4.26E-05
6404.339822;0.000224986;4.19E-05
6400.231255;0.00022901;4.12E-05
6396.049282;0.000233044;4.06E-05
6391.793941;0.000237083;4.00E-05
6387.465365;0.000241122;3.94E-05
6383.063779;0.000245158;3.88E-05
6378.589509;0.000249184;3.83E-05
6374.042978;0.000253195;3.77E-05
6369.424716;0.000257187;3.72E-05
6364.735355;0.000261153;3.67E-05
6359.975637;0.000265089;3.63E-05
6355.146411;0.000268987;3.58E-05
6350.248637;0.000272843;3.53E-05
6345.283387;0.000276651;3.49E-05
6340.251843;0.000280404;3.45E-05
6335.1553;0.000284096;3.41E-05
6329.995164;0.000287722;3.37E-05
6324.772951;0.000291274;3.34E-05
6319.49029;0.000294748;3.30E-05
6314.148916;0.000298137;3.27E-05
6308.750668;0.000301435;3.24E-05
6303.297494;0.000304636;3.21E-05
6297.791438;0.000307735;3.18E-05
6292.234645;0.000310725;3.16E-05
6286.629351;0.000313602;3.13E-05
6280.977883;0.00031636;3.11E-05
6275.282652;0.000318993;3.08E-05
6269.546151;0.000321498;3.06E-05
6263.770945;0.00032387;3.04E-05
6257.959669;0.000326103;3.03E-05
6252.11502;0.000328195;3.01E-05
6246.239751;0.000330141;2.99E-05
6240.336666;0.000331939;2.98E-05
6234.408612;0.000333584;2.97E-05
6228.458469;0.000335075;2.96E-05
6222.48915;0.000336409;2.95E-05
6216.503586;0.000337584;2.94E-05
6210.504723;0.000338599;2.93E-05
6204.495516;0.000339452;2.92E-05
6198.478915;0.000340144;2.92E-05
6192.457867;0.000340673;2.91E-05
6186.435301;0.000341039;2.91E-05
6180.414125;0.000341244;2.91E-05
6174.397215;0.000341287;2.91E-05
6168.387417;0.000341171;2.91E-05
6162.387529;0.000340897;2.91E-05
6156.400304;0.000340466;2.92E-05
6150.42844;0.000339882;2.92E-05
6144.474574;0.000339147;2.92E-05
6138.54128;0.000338263;2.93E-05
6132.631059;0.000337235;2.94E-05
6126.74634;0.000336066;2.95E-05
6120.889471;0.000334759;2.96E-05
6115.062721;0.000333319;2.97E-05
6109.268269;0.000331751;2.98E-05
6103.508209;0.000330058;2.99E-05
6097.784541;0.000328246;3.01E-05
6092.099173;0.000326319;3.02E-05
6086.453918;0.000324282;3.04E-05
6080.850492;0.000322141;3.06E-05
6075.290515;0.000319902;3.08E-05
6069.775508;0.000317568;3.10E-05
6064.306895;0.000315146;3.12E-05
6058.885999;0.00031264;3.14E-05
6053.514051;0.000310058;3.16E-05
6048.19218;0.000307403;3.19E-05
6042.921422;0.000304681;3.21E-05
6037.702718;0.000301898;3.24E-05
6032.536917;0.000299059;3.26E-05
6027.424776;0.000296169;3.29E-05
6022.366965;0.000293234;3.32E-05
6017.364064;0.000290258;3.35E-05
6012.416571;0.000287246;3.38E-05
6007.524901;0.000284204;3.41E-05
6002.689391;0.000281135;3.44E-05
5997.910301;0.000278045;3.48E-05
5993.187815;0.000274938;3.51E-05
5988.52205;0.000271819;3.55E-05
5983.913052;0.000268691;3.58E-05
5979.360803;0.000265558;3.62E-05
5974.865224;0.000262425;3.66E-05
5970.426176;0.000259294;3.70E-05
5966.043463;0.00025617;3.74E-05
5961.71684;0.000253055;3.78E-05
5957.446006;0.000249954;3.82E-05
5953.230619;0.000246869;3.86E-05
5949.070289;0.000243802;3.90E-05
5944.964586;0.000240757;3.95E-05
5940.91304;0.000237736;3.99E-05
5936.915146;0.000234741;4.03E-05
5932.970365;0.000231775;4.08E-05
5929.078129;0.000228839;4.13E-05
5925.23784;0.000225937;4.17E-05
5921.448873;0.000223068;4.22E-05
5917.71058;0.000220236;4.27E-05
5914.022293;0.000217441;4.32E-05
5910.383322;0.000214686;4.37E-05
5906.79296;0.00021197;4.42E-05
5903.250486;0.000209296;4.47E-05
5899.755162;0.000206665;4.52E-05
5896.306241;0.000204077;4.57E-05
5892.902963;0.000201534;4.62E-05
5889.544561;0.000199035;4.67E-05
5886.230258;0.000196582;4.72E-05
5882.959272;0.000194176;4.77E-05
5879.730817;0.000191816;4.82E-05
5876.544102;0.000189503;4.88E-05
5873.398333;0.000187238;4.93E-05
5870.292715;0.000185021;4.98E-05
5867.226452;0.000182851;5.04E-05
5864.198747;0.00018073;5.09E-05
5861.208808;0.000178657;5.14E-05
5858.255839;0.000176633;5.19E-05
5855.33905;0.000174656;5.25E-05
5852.457654;0.000172728;5.30E-05
5849.610866;0.000170848;5.35E-05
5846.797905;0.000169016;5.40E-05
5844.017997;0.000167232;5.45E-05
5841.27037;0.000165496;5.50E-05
5838.554258;0.000163807;5.56E-05
5835.868902;0.000162165;5.61E-05
5833.213547;0.000160571;5.66E-05
5830.587445;0.000159023;5.71E-05
5827.989854;0.000157522;5.75E-05
5825.420038;0.000156066;5.80E-05
5822.877267;0.000154657;5.85E-05
5820.360821;0.000153293;5.90E-05
5817.869981;0.000151975;5.94E-05
5815.404039;0.000150701;5.99E-05
5812.962292;0.000149472;6.03E-05
5810.544043;0.000148287;6.07E-05
5808.148603;0.000147146;6.12E-05
5805.775288;0.000146048;6.16E-05
5803.423421;0.000144994;6.20E-05
5801.092331;0.000143982;6.24E-05
5798.781355;0.000143013;6.27E-05
5796.489832;0.000142087;6.31E-05
5794.21711;0.000141202;6.35E-05
5791.962542;0.000140359;6.38E-05
5789.725484;0.000139558;6.41E-05
5787.505302;0.000138797;6.45E-05
5785.301362;0.000138078;6.48E-05
5783.113037;0.000137399;6.50E-05
5780.939706;0.00013676;6.53E-05
5778.780749;0.000136162;6.56E-05
5776.635551;0.000135603;6.58E-05
5774.503504;0.000135085;6.61E-05
5772.383998;0.000134605;6.63E-05
5770.276431;0.000134166;6.65E-05
5768.1802;0.000133765;6.66E-05
5766.094709;0.000133404;6.68E-05
5764.019359;0.000133082;6.69E-05
5761.953558;0.000132799;6.71E-05
5759.896712;0.000132555;6.72E-05
5757.848231;0.000132349;6.73E-05
5755.807525;0.000132183;6.74E-05
5753.774004;0.000132055;6.74E-05
5751.74708;0.000131967;6.75E-05
5749.726164;0.000131917;6.75E-05
5747.710668;0.000131906;6.75E-05
5745.700001;0.000131934;6.75E-05
5743.693574;0.000132001;6.74E-05
5741.690795;0.000132108;6.74E-05
5739.691072;0.000132253;6.73E-05
5737.69381;0.000132439;6.72E-05
5735.698412;0.000132664;6.71E-05
5733.704278;0.000132929;6.70E-05
5731.710806;0.000133234;6.69E-05
5729.71739;0.00013358;6.67E-05
5727.723422;0.000133966;6.65E-05
5725.728288;0.000134394;6.64E-05
5723.731372;0.000134863;6.61E-05
5721.73205;0.000135373;6.59E-05
5719.729698;0.000135926;6.57E-05
5717.723682;0.000136521;6.54E-05
5715.713366;0.000137159;6.52E-05
5713.698105;0.00013784;6.49E-05
5711.67725;0.000138565;6.46E-05
5709.650145;0.000139335;6.42E-05
5707.616126;0.000140149;6.39E-05
5705.574523;0.000141008;6.36E-05
5703.524658;0.000141914;6.32E-05
5701.465844;0.000142866;6.28E-05
5699.397387;0.000143865;6.24E-05
5697.318586;0.000144912;6.20E-05
5695.228727;0.000146008;6.16E-05
5693.127091;0.000147152;6.12E-05
5691.012947;0.000148346;6.07E-05
5688.885556;0.000149591;6.03E-05
5686.744167;0.000150887;5.98E-05
5684.588021;0.000152236;5.93E-05
5682.416347;0.000153637;5.88E-05
5680.228364;0.000155092;5.83E-05
5678.02328;0.000156601;5.78E-05
5675.800292;0.000158166;5.73E-05
5673.558584;0.000159787;5.68E-05
5671.297332;0.000161465;5.63E-05
5669.015697;0.000163201;5.57E-05
5666.71283;0.000164996;5.52E-05
5664.38787;0.000166851;5.46E-05
5662.039943;0.000168766;5.41E-05
5659.668164;0.000170744;5.35E-05
5657.271636;0.000172784;5.30E-05
5654.849449;0.000174888;5.24E-05
5652.400681;0.000177056;5.18E-05
5649.924401;0.00017929;5.12E-05
5647.419662;0.000181591;5.07E-05
5644.885508;0.000183959;5.01E-05
5642.32097;0.000186396;4.95E-05
5639.72507;0.000188902;4.89E-05
5637.096818;0.000191479;4.83E-05
5634.435211;0.000194127;4.77E-05
5631.739239;0.000196847;4.72E-05
5629.007883;0.000199641;4.66E-05
5626.240111;0.000202508;4.60E-05
5623.434885;0.00020545;4.54E-05
5620.591159;0.000208468;4.48E-05
5617.707879;0.000211563;4.42E-05
5614.783985;0.000214734;4.36E-05
5611.818411;0.000217984;4.31E-05
5608.810088;0.000221311;4.25E-05
5605.757941;0.000224718;4.19E-05
5602.660894;0.000228204;4.14E-05
5599.517869;0.000231771;4.08E-05
5596.327789;0.000235417;4.02E-05
5593.089577;0.000239144;3.97E-05
5589.802161;0.000242951;3.91E-05
5586.46447;0.000246839;3.86E-05
5583.075444;0.000250808;3.81E-05
5579.634027;0.000254858;3.75E-05
5576.139174;0.000258987;3.70E-05
5572.589852;0.000263197;3.65E-05
5568.985042;0.000267485;3.60E-05
5565.323741;0.000271853;3.55E-05
5561.604963;0.000276298;3.50E-05
5557.827746;0.000280819;3.45E-05
5553.991148;0.000285417;3.40E-05
5550.094253;0.000290088;3.35E-05
5546.136176;0.000294833;3.30E-05
5542.116061;0.000299648;3.26E-05
5538.033087;0.000304533;3.21E-05
5533.886468;0.000309484;3.17E-05
5529.675461;0.000314501;3.12E-05
5525.399364;0.000319579;3.08E-05
5521.057521;0.000324717;3.04E-05
5516.649325;0.000329911;3.00E-05
5512.174222;0.000335158;2.95E-05
5507.631713;0.000340455;2.92E-05
5503.021358;0.000345798;2.88E-05
5498.342778;0.000351183;2.84E-05
5493.595658;0.000356606;2.80E-05
5488.779753;0.000362062;2.76E-05
5483.894888;0.000367547;2.73E-05
5478.940961;0.000373057;2.69E-05
5473.917948;0.000378584;2.66E-05
5468.825904;0.000384126;2.63E-05
5463.664966;0.000389675;2.60E-05
5458.435355;0.000395226;2.56E-05
5453.137381;0.000400773;2.53E-05
5447.77144;0.00040631;2.51E-05
5442.338022;0.00041183;2.48E-05
5436.837708;0.000417327;2.45E-05
5431.271172;0.000422795;2.42E-05
5425.639185;0.000428225;2.40E-05
5419.942615;0.000433611;2.37E-05
5414.182423;0.000438947;2.35E-05
5408.359672;0.000444224;2.32E-05
5402.475519;0.000449436;2.30E-05
5396.531218;0.000454575;2.28E-05
5390.52812;0.000459634;2.26E-05
5384.467671;0.000464606;2.24E-05
5378.35141;0.000469483;2.22E-05
5372.180969;0.000474257;2.20E-05
5365.958069;0.000478923;2.18E-05
5359.684519;0.000483472;2.16E-05
5353.362211;0.000487898;2.15E-05
5346.993122;0.000492194;2.13E-05
5340.579304;0.000496354;2.12E-05
5334.122883;0.00050037;2.10E-05
5327.626057;0.000504237;2.09E-05
5321.091088;0.00050795;2.08E-05
5314.5203;0.000511501;2.06E-05
5307.916072;0.000514887;2.05E-05
5301.280834;0.000518102;2.04E-05
5294.617061;0.000521142;2.03E-05
5287.927268;0.000524002;2.02E-05
5281.214004;0.000526678;2.01E-05
5274.479845;0.000529168;2.01E-05
5267.727392;0.000531468;2.00E-05
5260.959257;0.000533576;1.99E-05
5254.178067;0.000535489;1.99E-05
5247.386448;0.000537206;1.98E-05
5240.587028;0.000538726;1.98E-05
5233.782424;0.000540047;1.97E-05
5226.975239;0.00054117;1.97E-05
5220.168057;0.000542096;1.97E-05
5213.363434;0.000542823;1.96E-05
5206.563897;0.000543354;1.96E-05
5199.771936;0.00054369;1.96E-05
5192.989997;0.000543833;1.96E-05
5186.220481;0.000543785;1.96E-05
5179.465739;0.000543549;1.96E-05
5172.728063;0.000543129;1.96E-05
5166.009688;0.000542527;1.97E-05
5159.312784;0.000541747;1.97E-05
5152.639455;0.000540795;1.97E-05
5145.991732;0.000539673;1.97E-05
5139.371577;0.000538388;1.98E-05
5132.780874;0.000536944;1.98E-05
5126.221429;0.000535346;1.99E-05
5119.694968;0.0005336;1.99E-05
5113.203137;0.000531712;2.00E-05
5106.747499;0.000529687;2.00E-05
5100.329533;0.000527532;2.01E-05
5093.950633;0.000525252;2.02E-05
5087.612111;0.000522855;2.03E-05
5081.31519;0.000520345;2.03E-05
5075.061013;0.000517731;2.04E-05
5068.850635;0.000515018;2.05E-05
5062.68503;0.000512212;2.06E-05
5056.565087;0.000509321;2.07E-05
5050.491616;0.00050635;2.08E-05
5044.465345;0.000503307;2.09E-05
5038.486921;0.000500196;2.10E-05
5032.556918;0.000497026;2.11E-05
5026.675831;0.000493801;2.13E-05
5020.844081;0.000490528;2.14E-05
5015.062018;0.000487214;2.15E-05
5009.329924;0.000483863;2.16E-05
5003.648009;0.000480482;2.17E-05
4998.01642;0.000477077;2.19E-05
4992.435242;0.000473652;2.20E-05
4986.904496;0.000470213;2.21E-05
4981.424146;0.000466765;2.23E-05
4975.9941;0.000463314;2.24E-05
4970.614211;0.000459864;2.26E-05
4965.284281;0.00045642;2.27E-05
4960.004063;0.000452986;2.28E-05
4954.773261;0.000449567;2.30E-05
4949.591539;0.000446167;2.31E-05
4944.458514;0.000442789;2.33E-05
4939.373764;0.000439438;2.34E-05
4934.336832;0.000436118;2.36E-05
4929.347221;0.000432831;2.37E-05
4924.404403;0.000429581;2.39E-05
4919.507817;0.000426372;2.40E-05
4914.656874;0.000423206;2.42E-05
4909.850955;0.000420086;2.44E-05
4905.089416;0.000417015;2.45E-05
4900.371589;0.000413995;2.47E-05
4895.696782;0.000411029;2.48E-05
4891.064284;0.00040812;2.50E-05
4886.473363;0.000405268;2.51E-05
4881.92327;0.000402477;2.53E-05
4877.413238;0.000399748;2.54E-05
4872.942486;0.000397083;2.55E-05
4868.510219;0.000394484;2.57E-05
4864.115628;0.000391952;2.58E-05
4859.757893;0.000389489;2.60E-05
4855.436183;0.000387096;2.61E-05
4851.149659;0.000384774;2.62E-05
4846.897469;0.000382525;2.64E-05
4842.678758;0.00038035;2.65E-05
4838.49266;0.000378249;2.66E-05
4834.338305;0.000376225;2.68E-05
4830.214815;0.000374277;2.69E-05
4826.121309;0.000372407;2.70E-05
4822.0569;0.000370615;2.71E-05
4818.020696;0.000368903;2.72E-05
4814.011804;0.00036727;2.73E-05
4810.029326;0.000365718;2.74E-05
4806.072361;0.000364248;2.75E-05
4802.140006;0.000362859;2.76E-05
4798.231355;0.000361553;2.77E-05
4794.345502;0.00036033;2.78E-05
4790.481535;0.000359191;2.78E-05
4786.638545;0.000358135;2.79E-05
4782.815619;0.000357164;2.80E-05
4779.011843;0.000356279;2.80E-05
4775.226301;0.000355479;2.81E-05
4771.458077;0.000354765;2.81E-05
4767.706253;0.000354138;2.82E-05
4763.96991;0.000353597;2.82E-05
4760.248126;0.000353145;2.82E-05
4756.539981;0.00035278;2.83E-05
4752.844551;0.000352504;2.83E-05
4749.160911;0.000352316;2.83E-05
4745.488136;0.000352218;2.83E-05
4741.825296;0.00035221;2.83E-05
4738.171462;0.000352293;2.83E-05
4734.525702;0.000352466;2.83E-05
4730.887082;0.000352731;2.83E-05
4727.254667;0.000353089;2.82E-05
4723.627517;0.000353539;2.82E-05
4720.004692;0.000354082;2.82E-05
4716.385248;0.000354719;2.81E-05
4712.768237;0.000355451;2.81E-05
4709.152711;0.000356278;2.80E-05
4705.537716;0.000357201;2.80E-05
4701.922295;0.00035822;2.79E-05
4698.305488;0.000359337;2.78E-05
4694.686332;0.000360552;2.77E-05
4691.063859;0.000361866;2.77E-05
4687.437097;0.00036328;2.76E-05
4683.80507;0.000364794;2.75E-05
4680.166797;0.000366409;2.74E-05
4676.521295;0.000368127;2.73E-05
4672.867573;0.000369947;2.71E-05
4669.204638;0.000371871;2.70E-05
4665.531491;0.0003739;2.69E-05
4661.847129;0.000376035;2.68E-05
4658.150545;0.000378276;2.66E-05
4654.440723;0.000380625;2.65E-05
4650.716649;0.000383083;2.63E-05
4646.977298;0.000385649;2.62E-05
4643.221644;0.000388326;2.60E-05
4639.448656;0.000391115;2.59E-05
4635.657297;0.000394016;2.57E-05
4631.846527;0.00039703;2.55E-05
4628.015302;0.000400158;2.54E-05
4624.162574;0.000403401;2.52E-05
4620.287292;0.000406761;2.50E-05
4616.3884;0.000410237;2.48E-05
4612.46484;0.000413831;2.47E-05
4608.515553;0.000417544;2.45E-05
4604.539476;0.000421377;2.43E-05
4600.535547;0.00042533;2.41E-05
4596.502699;0.000429403;2.39E-05
4592.439869;0.000433599;2.37E-05
4588.345993;0.000437917;2.35E-05
4584.220005;0.000442358;2.33E-05
4580.060846;0.000446923;2.31E-05
4575.867456;0.000451612;2.29E-05
4571.63878;0.000456425;2.27E-05
4567.373768;0.000461363;2.25E-05
4563.071374;0.000466426;2.23E-05
4558.730561;0.000471613;2.21E-05
4554.350299;0.000476926;2.19E-05
4549.929565;0.000482364;2.17E-05
4545.46735;0.000487926;2.15E-05
4540.962655;0.000493613;2.13E-05
4536.414494;0.000499424;2.11E-05
4531.821898;0.000505358;2.08E-05
4527.183912;0.000511414;2.06E-05
4522.499599;0.000517591;2.04E-05
4517.768045;0.000523889;2.02E-05
4512.988353;0.000530306;2.00E-05
4508.159654;0.00053684;1.98E-05
4503.281101;0.00054349;1.96E-05
4498.351875;0.000550254;1.94E-05
4493.371189;0.000557129;1.92E-05
4488.338283;0.000564114;1.90E-05
4483.252435;0.000571205;1.88E-05
4478.112954;0.0005784;1.86E-05
4472.919191;0.000585696;1.84E-05
4467.670535;0.00059309;1.83E-05
4462.366418;0.000600578;1.81E-05
4457.006315;0.000608155;1.79E-05
4451.589749;0.000615819;1.77E-05
4446.116291;0.000623564;1.75E-05
4440.585566;0.000631387;1.73E-05
4434.997248;0.000639281;1.72E-05
4429.351069;0.000647242;1.70E-05
4423.646819;0.000655265;1.68E-05
4417.884345;0.000663343;1.66E-05
4412.063559;0.000671471;1.65E-05
4406.184434;0.000679643;1.63E-05
4400.247009;0.000687851;1.61E-05
4394.251389;0.00069609;1.60E-05
4388.19775;0.000704351;1.58E-05
4382.086335;0.000712628;1.57E-05
4375.917459;0.000720914;1.55E-05
4369.691512;0.0007292;1.54E-05
4363.408953;0.000737479;1.52E-05
4357.070318;0.000745742;1.51E-05
4350.676217;0.000753981;1.50E-05
4344.227335;0.000762189;1.48E-05
4337.724433;0.000770355;1.47E-05
4331.168346;0.000778472;1.46E-05
4324.559986;0.000786531;1.45E-05
4317.900339;0.000794523;1.43E-05
4311.190463;0.000802439;1.42E-05
4304.431491;0.00081027;1.41E-05
4297.624628;0.000818008;1.40E-05
4290.771149;0.000825642;1.39E-05
4283.872397;0.000833166;1.38E-05
4276.929783;0.000840569;1.37E-05
4269.944783;0.000847844;1.36E-05
4262.918933;0.000854982;1.35E-05
4255.853832;0.000861974;1.34E-05
4248.751135;0.000868813;1.33E-05
4241.612549;0.000875491;1.32E-05
4234.439834;0.000881999;1.31E-05
4227.234796;0.000888332;1.31E-05
4219.999287;0.000894481;1.30E-05
4212.735196;0.000900441;1.29E-05
4205.444451;0.000906205;1.29E-05
4198.129009;0.000911767;1.28E-05
4190.790859;0.000917121;1.27E-05
4183.43201;0.000922263;1.27E-05
4176.054493;0.000927188;1.26E-05
4168.660353;0.000931891;1.26E-05
4161.251647;0.00093637;1.25E-05
4153.830438;0.00094062;1.25E-05
4146.398789;0.000944639;1.24E-05
4138.958765;0.000948426;1.24E-05
4131.512419;0.000951977;1.23E-05
4124.061799;0.000955293;1.23E-05
4116.608933;0.000958372;1.23E-05
4109.155832;0.000961214;1.22E-05
4101.704484;0.00096382;1.22E-05
4094.256849;0.00096619;1.22E-05
4086.814858;0.000968326;1.22E-05
4079.380406;0.00097023;1.21E-05
4071.95535;0.000971903;1.21E-05
4064.541508;0.00097335;1.21E-05
4057.140654;0.000974572;1.21E-05
4049.754513;0.000975574;1.21E-05
4042.384762;0.00097636;1.21E-05
4035.033027;0.000976933;1.21E-05
4027.700878;0.0009773;1.21E-05
4020.389831;0.000977466;1.21E-05
4013.101343;0.000977435;1.21E-05
4005.83681;0.000977214;1.21E-05
3998.59757;0.000976809;1.21E-05
3991.384897;0.000976226;1.21E-05
3984.200003;0.000975473;1.21E-05
3977.044035;0.000974556;1.21E-05
3969.918077;0.000973481;1.21E-05
3962.823146;0.000972258;1.21E-05
3955.760197;0.000970892;1.21E-05
3948.730117;0.000969391;1.22E-05
3941.733731;0.000967764;1.22E-05
3934.771796;0.000966018;1.22E-05
3927.845007;0.000964161;1.22E-05
3920.953996;0.0009622;1.22E-05
3914.099329;0.000960144;1.22E-05
3907.281514;0.000958001;1.23E-05
3900.500994;0.000955778;1.23E-05
3893.758154;0.000953484;1.23E-05
3887.053319;0.000951125;1.23E-05
3880.386758;0.000948711;1.24E-05
3873.758681;0.000946249;1.24E-05
3867.169244;0.000943746;1.24E-05
3860.618549;0.00094121;1.25E-05
3854.106647;0.000938649;1.25E-05
3847.633536;0.00093607;1.25E-05
3841.199167;0.000933479;1.25E-05
3834.803439;0.000930885;1.26E-05
3828.446211;0.000928294;1.26E-05
3822.127292;0.000925712;1.26E-05
3815.846451;0.000923148;1.27E-05
3809.603413;0.000920606;1.27E-05
3803.397866;0.000918094;1.27E-05
3797.229457;0.000915618;1.27E-05
3791.097799;0.000913183;1.28E-05
3785.002465;0.000910796;1.28E-05
3778.943;0.000908462;1.28E-05
3772.918911;0.000906187;1.29E-05
3766.929679;0.000903977;1.29E-05
3760.974751;0.000901836;1.29E-05
3755.053549;0.00089977;1.29E-05
3749.165467;0.000897784;1.30E-05
3743.309872;0.000895882;1.30E-05
3737.48611;0.000894069;1.30E-05
3731.693501;0.00089235;1.30E-05
3725.931343;0.000890729;1.30E-05
3720.198915;0.000889211;1.31E-05
3714.495474;0.000887798;1.31E-05
3708.820261;0.000886497;1.31E-05
3703.172496;0.000885309;1.31E-05
3697.551385;0.00088424;1.31E-05
3691.956116;0.000883292;1.31E-05
3686.385863;0.000882469;1.31E-05
3680.839786;0.000881775;1.31E-05
3675.317031;0.000881213;1.32E-05
3669.816731;0.000880786;1.32E-05
3664.338008;0.000880497;1.32E-05
3658.879971;0.00088035;1.32E-05
3653.441722;0.000880347;1.32E-05
3648.022348;0.000880491;1.32E-05
3642.620931;0.000880785;1.32E-05
3637.23654;0.000881232;1.32E-05
3631.868241;0.000881834;1.31E-05
3626.515086;0.000882594;1.31E-05
3621.176125;0.000883514;1.31E-05
3615.850396;0.000884598;1.31E-05
3610.536936;0.000885847;1.31E-05
3605.234772;0.000887264;1.31E-05
3599.942925;0.00088885;1.31E-05
3594.660415;0.00089061;1.30E-05
3589.386252;0.000892544;1.30E-05
3584.119444;0.000894655;1.30E-05
3578.858995;0.000896945;1.30E-05
3573.603905;0.000899417;1.29E-05
3568.353169;0.000902071;1.29E-05
3563.105781;0.000904911;1.29E-05
3557.860731;0.000907939;1.28E-05
3552.617005;0.000911156;1.28E-05
3547.37359;0.000914564;1.28E-05
3542.129469;0.000918165;1.27E-05
3536.883624;0.000921961;1.27E-05
3531.635036;0.000925955;1.26E-05
3526.382684;0.000930147;1.26E-05
3521.12555;0.000934539;1.25E-05
3515.862611;0.000939134;1.25E-05
3510.592849;0.000943932;1.24E-05
3505.315244;0.000948936;1.24E-05
3500.028778;0.000954147;1.23E-05
3494.732435;0.000959567;1.23E-05
3489.425201;0.000965196;1.22E-05
3484.106065;0.000971037;1.21E-05
3478.774017;0.000977091;1.21E-05
3473.428054;0.000983358;1.20E-05
3468.067175;0.000989841;1.19E-05
3462.690385;0.000996539;1.19E-05
3457.296695;0.001003455;1.18E-05
3451.885119;0.00101059;1.17E-05
3446.454683;0.001017943;1.17E-05
3441.004415;0.001025515;1.16E-05
3435.533356;0.001033308;1.15E-05
3430.040554;0.001041322;1.14E-05
3424.525067;0.001049557;1.14E-05
3418.985964;0.001058013;1.13E-05
3413.422326;0.00106669;1.12E-05
3407.833246;0.001075589;1.11E-05
3402.21783;0.001084709;1.11E-05
3396.575201;0.001094049;1.10E-05
3390.904495;0.00110361;1.09E-05
3385.204866;0.00111339;1.08E-05
3379.475485;0.001123388;1.07E-05
3373.715542;0.001133603;1.06E-05
3367.924247;0.001144035;1.06E-05
3362.100832;0.00115468;1.05E-05
3356.24455;0.001165538;1.04E-05
3350.354677;0.001176607;1.03E-05
3344.430515;0.001187884;1.02E-05
3338.471393;0.001199366;1.01E-05
3332.476665;0.001211051;1.01E-05
3326.445714;0.001222936;9.96E-06
3320.377954;0.001235017;9.88E-06
3314.272829;0.001247291;9.79E-06
3308.129816;0.001259754;9.71E-06
3301.948425;0.001272402;9.62E-06
3295.728202;0.00128523;9.54E-06
3289.468728;0.001298233;9.45E-06
3283.169622;0.001311407;9.37E-06
3276.830542;0.001324746;9.28E-06
3270.451184;0.001338244;9.20E-06
3264.031288;0.001351895;9.12E-06
3257.570634;0.001365693;9.03E-06
3251.069044;0.001379631;8.95E-06
3244.526387;0.001393702;8.87E-06
3237.942576;0.0014079;8.79E-06
3231.317569;0.001422216;8.71E-06
3224.651372;0.001436643;8.63E-06
3217.944037;0.001451172;8.55E-06
3211.195665;0.001465795;8.47E-06
3204.406408;0.001480504;8.39E-06
3197.576463;0.00149529;8.32E-06
3190.706079;0.001510143;8.24E-06
3183.795555;0.001525054;8.16E-06
3176.84524;0.001540013;8.09E-06
3169.855532;0.001555011;8.02E-06
3162.82688;0.001570038;7.95E-06
3155.759782;0.001585084;7.88E-06
3148.654788;0.001600137;7.81E-06
3141.512493;0.001615189;7.74E-06
3134.333544;0.001630228;7.67E-06
3127.118634;0.001645244;7.60E-06
3119.868505;0.001660226;7.54E-06
3112.583944;0.001675163;7.47E-06
3105.265782;0.001690046;7.41E-06
3097.914895;0.001704863;7.35E-06
3090.532202;0.001719604;7.29E-06
3083.118664;0.001734259;7.23E-06
3075.675278;0.001748817;7.17E-06
3068.203083;0.001763268;7.12E-06
3060.703152;0.001777601;7.06E-06
3053.176592;0.001791808;7.01E-06
3045.624543;0.001805879;6.95E-06
3038.048176;0.001819804;6.90E-06
3030.448688;0.001833574;6.85E-06
3022.827303;0.001847181;6.80E-06
3015.185269;0.001860617;6.76E-06
3007.523853;0.001873872;6.71E-06
2999.844343;0.00188694;6.66E-06
2992.148042;0.001899814;6.62E-06
2984.436267;0.001912486;6.58E-06
2976.710345;0.001924951;6.53E-06
2968.971613;0.001937203;6.49E-06
2961.221412;0.001949235;6.45E-06
2953.461089;0.001961044;6.42E-06
2945.69199;0.001972626;6.38E-06
2937.915459;0.001983975;6.34E-06
2930.132837;0.00199509;6.31E-06
2922.345457;0.002005967;6.27E-06
2914.554643;0.002016605;6.24E-06
2906.761709;0.002027001;6.21E-06
2898.967952;0.002037156;6.18E-06
2891.174656;0.002047067;6.15E-06
2883.383085;0.002056737;6.12E-06
2875.594482;0.002066164;6.09E-06
2867.810068;0.002075351;6.07E-06
2860.031041;0.0020843;6.04E-06
2852.25857;0.002093012;6.02E-06
2844.493799;0.002101491;5.99E-06
2836.737839;0.002109741;5.97E-06
2828.991773;0.002117764;5.95E-06
2821.256648;0.002125566;5.92E-06
2813.533481;0.002133152;5.90E-06
2805.82325;0.002140527;5.88E-06
2798.1269;0.002147697;5.86E-06
2790.445336;0.002154668;5.84E-06
2782.779428;0.002161447;5.82E-06
2775.130003;0.002168042;5.81E-06
2767.497852;0.002174459;5.79E-06
2759.883725;0.002180706;5.77E-06
2752.288331;0.002186793;5.76E-06
2744.712337;0.002192727;5.74E-06
2737.156372;0.002198517;5.73E-06
2729.62102;0.002204173;5.71E-06
2722.106826;0.002209703;5.70E-06
2714.614292;0.002215118;5.68E-06
2707.143882;0.002220427;5.67E-06
2699.696015;0.002225641;5.66E-06
2692.27107;0.002230769;5.64E-06
2684.869388;0.002235821;5.63E-06
2677.491267;0.00224081;5.62E-06
2670.136967;0.002245744;5.61E-06
2662.806708;0.002250635;5.59E-06
2655.500671;0.002255494;5.58E-06
2648.219;0.002260331;5.57E-06
2640.961802;0.002265157;5.56E-06
2633.729146;0.002269984;5.54E-06
2626.521065;0.002274823;5.53E-06
2619.337559;0.002279684;5.52E-06
2612.178591;0.002284578;5.51E-06
2605.044092;0.002289517;5.50E-06
2597.933961;0.002294511;5.49E-06
2590.848062;0.002299572;5.47E-06
2583.786232;0.00230471;5.46E-06
2576.748275;0.002309936;5.45E-06
2569.733967;0.00231526;5.44E-06
2562.743056;0.002320695;5.42E-06
2555.775262;0.002326249;5.41E-06
2548.830278;0.002331935;5.40E-06
2541.907773;0.002337761;5.38E-06
2535.007391;0.002343739;5.37E-06
2528.12875;0.002349879;5.35E-06
2521.271448;0.002356191;5.34E-06
2514.435059;0.002362685;5.33E-06
2507.619138;0.002369371;5.31E-06
2500.823219;0.002376258;5.29E-06
2494.046814;0.002383357;5.28E-06
2487.289421;0.002390678;5.26E-06
2480.550517;0.002398228;5.25E-06
2473.829564;0.002406019;5.23E-06
2467.126007;0.002414058;5.21E-06
2460.439277;0.002422356;5.19E-06
2453.768789;0.002430921;5.17E-06
2447.113946;0.002439762;5.15E-06
2440.474137;0.002448888;5.13E-06
2433.84874;0.002458307;5.11E-06
2427.23712;0.002468028;5.09E-06
2420.638635;0.00247806;5.07E-06
2414.052629;0.00248841;5.05E-06
2407.478439;0.002499087;5.03E-06
2400.915394;0.002510098;5.01E-06
2394.362815;0.002521452;4.98E-06
2387.820015;0.002533156;4.96E-06
2381.286302;0.002545218;4.94E-06
2374.760978;0.002557645;4.91E-06
2368.24334;0.002570445;4.89E-06
2361.732681;0.002583625;4.86E-06
2355.22829;0.002597192;4.84E-06
2348.729452;0.002611154;4.81E-06
2342.235452;0.002625516;4.78E-06
2335.745573;0.002640285;4.76E-06
2329.259095;0.002655469;4.73E-06
2322.775299;0.002671073;4.70E-06
2316.293467;0.002687105;4.67E-06
2309.812881;0.002703569;4.64E-06
2303.332824;0.002720472;4.61E-06
2296.852582;0.00273782;4.58E-06
2290.371446;0.002755619;4.55E-06
2283.888706;0.002773873;4.52E-06
2277.403659;0.002792589;4.49E-06
2270.915607;0.002811771;4.46E-06
2264.423857;0.002831425;4.43E-06
2257.927723;0.002851555;4.39E-06
2251.426522;0.002872166;4.36E-06
2244.919584;0.002893263;4.33E-06
2238.406244;0.002914849;4.30E-06
2231.885846;0.002936929;4.26E-06
2225.357744;0.002959506;4.23E-06
2218.821301;0.002982584;4.20E-06
2212.275893;0.003006167;4.16E-06
2205.720906;0.003030257;4.13E-06
2199.155739;0.003054857;4.09E-06
2192.579802;0.003079971;4.06E-06
2185.992522;0.003105599;4.02E-06
2179.393336;0.003131746;3.99E-06
2172.781699;0.003158412;3.95E-06
2166.157081;0.003185599;3.92E-06
2159.518968;0.003213308;3.88E-06
2152.866863;0.00324154;3.85E-06
2146.200285;0.003270297;3.81E-06
2139.518775;0.003299577;3.78E-06
2132.821889;0.003329382;3.74E-06
2126.109205;0.003359712;3.71E-06
2119.380319;0.003390565;3.67E-06
2112.634851;0.003421941;3.64E-06
2105.872438;0.003453838;3.60E-06
2099.092743;0.003486256;3.57E-06
2092.29545;0.003519191;3.53E-06
2085.480264;0.003552643;3.50E-06
2078.646917;0.003586608;3.46E-06
2071.795162;0.003621083;3.43E-06
2064.924778;0.003656066;3.39E-06
2058.035569;0.003691552;3.36E-06
2051.127365;0.003727538;3.33E-06
2044.200018;0.00376402;3.29E-06
2037.253411;0.003800992;3.26E-06
2030.28745;0.00383845;3.23E-06
2023.302069;0.003876388;3.19E-06
2016.297227;0.003914802;3.16E-06
2009.272913;0.003953684;3.13E-06
2002.229141;0.003993029;3.09E-06
1995.165952;0.004032831;3.06E-06
1988.083415;0.004073083;3.03E-06
1980.981626;0.004113776;3.00E-06
1973.860709;0.004154905;2.97E-06
1966.720815;0.004196462;2.94E-06
1959.56212;0.004238438;2.90E-06
1952.384829;0.004280827;2.87E-06
1945.189173;0.004323619;2.84E-06
1937.975408;0.004366806;2.81E-06
1930.743818;0.004410381;2.78E-06
1923.494711;0.004454333;2.76E-06
1916.22842;0.004498655;2.73E-06
1908.945304;0.004543338;2.70E-06
1901.645743;0.004588372;2.67E-06
1894.330144;0.00463375;2.64E-06
1886.998934;0.004679461;2.61E-06
1879.652563;0.004725498;2.59E-06
1872.291502;0.00477185;2.56E-06
1864.916243;0.004818511;2.53E-06
1857.527297;0.004865471;2.51E-06
1850.125194;0.004912721;2.48E-06
1842.710483;0.004960253;2.45E-06
1835.283727;0.005008059;2.43E-06
1827.845508;0.005056131;2.40E-06
1820.396422;0.005104462;2.38E-06
1812.937078;0.005153044;2.36E-06
1805.468098;0.00520187;2.33E-06
1797.990116;0.005250934;2.31E-06
1790.503778;0.005300229;2.28E-06
1783.009738;0.00534975;2.26E-06
1775.508658;0.00539949;2.24E-06
1768.001208;0.005449445;2.22E-06
1760.488066;0.005499611;2.19E-06
1752.969911;0.005549984;2.17E-06
1745.447428;0.005600559;2.15E-06
1737.921306;0.005651335;2.13E-06
1730.392234;0.00570231;2.11E-06
1722.8609;0.00575348;2.09E-06
1715.327994;0.005804847;2.07E-06
1707.794204;0.005856408;2.05E-06
1700.260213;0.005908165;2.03E-06
1692.726702;0.005960119;2.01E-06
1685.194346;0.006012272;1.99E-06
1677.663816;0.006064625;1.97E-06
1670.135772;0.006117183;1.95E-06
1662.61087;0.006169949;1.94E-06
1655.089757;0.006222928;1.92E-06
1647.573068;0.006276126;1.90E-06
1640.061429;0.006329549;1.88E-06
1632.555455;0.006383204;1.86E-06
1625.055748;0.0064371;1.85E-06
1617.562898;0.006491244;1.83E-06
1610.07748;0.006545646;1.81E-06
1602.600058;0.006600318;1.80E-06
1595.131179;0.006655269;1.78E-06
1587.671374;0.006710513;1.76E-06
1580.221161;0.006766061;1.75E-06
1572.78104;0.006821928;1.73E-06
1565.351493;0.006878127;1.72E-06
1557.932988;0.006934674;1.70E-06
1550.525975;0.006991585;1.69E-06
1543.130883;0.007048877;1.67E-06
1535.748129;0.007106567;1.66E-06
1528.378106;0.007164674;1.64E-06
1521.021192;0.007223216;1.63E-06
1513.677747;0.007282213;1.61E-06
1506.34811;0.007341687;1.60E-06
1499.032604;0.007401658;1.58E-06
1491.731532;0.007462148;1.57E-06
1484.445178;0.00752318;1.55E-06
1477.17381;0.007584778;1.54E-06
1469.917675;0.007646965;1.53E-06
1462.677003;0.007709766;1.51E-06
1455.452006;0.007773208;1.50E-06
1448.242877;0.007837315;1.48E-06
1441.049791;0.007902115;1.47E-06
1433.872908;0.007967635;1.46E-06
1426.712369;0.008033904;1.44E-06
1419.568297;0.008100949;1.43E-06
1412.440801;0.0081688;1.42E-06
1405.329971;0.008237488;1.40E-06
1398.235883;0.008307041;1.39E-06
1391.158596;0.008377492;1.38E-06
1384.098155;0.008448872;1.37E-06
1377.054589;0.008521212;1.35E-06
1370.027912;0.008594546;1.34E-06
1363.018126;0.008668907;1.33E-06
1356.025219;0.008744329;1.31E-06
1349.049163;0.008820845;1.30E-06
1342.089922;0.008898491;1.29E-06
1335.147443;0.008977301;1.28E-06
1328.221665;0.009057311;1.26E-06
1321.312513;0.009138559;1.25E-06
1314.419903;0.009221079;1.24E-06
1307.54374;0.009304911;1.23E-06
1300.683919;0.00939009;1.21E-06
1293.840326;0.009476656;1.20E-06
1287.012839;0.009564646;1.19E-06
1280.201325;0.009654101;1.18E-06
1273.405646;0.00974506;1.16E-06
1266.625656;0.009837562;1.15E-06
1259.861202;0.009931647;1.14E-06
1253.112124;0.010027358;1.13E-06
1246.378257;0.010124735;1.11E-06
1239.65943;0.01022382;1.10E-06
1232.95547;0.010324656;1.09E-06
1226.266196;0.010427284;1.08E-06
1219.591426;0.010531748;1.07E-06
1212.930972;0.010638093;1.05E-06
1206.284648;0.01074636;1.04E-06
1199.65226;0.010856596;1.03E-06
1193.033618;0.010968845;1.02E-06
1186.428525;0.011083152;1.01E-06
1179.836789;0.011199563;9.93E-07
1173.258213;0.011318125;9.82E-07
1166.692604;0.011438884;9.70E-07
1160.139766;0.011561887;9.58E-07
1153.599508;0.011687182;9.46E-07
1147.071637;0.011814816;9.35E-07
1140.555966;0.01194484;9.23E-07
1134.052308;0.0120773;9.12E-07
1127.560478;0.012212247;9.00E-07
1121.080298;0.012349732;8.89E-07
1114.611591;0.012489803;8.78E-07
1108.154186;0.012632512;8.66E-07
1101.707915;0.012777911;8.55E-07
1095.272617;0.012926051;8.44E-07
1088.848136;0.013076984;8.33E-07
1082.434321;0.013230764;8.22E-07
1076.031029;0.013387443;8.11E-07
1069.638122;0.013547076;8.00E-07
1063.25547;0.013709717;7.89E-07
1056.882951;0.013875422;7.79E-07
1050.52045;0.014044244;7.68E-07
1044.16786;0.014216242;7.57E-07
1037.825084;0.01439147;7.47E-07
1031.492032;0.014569987;7.37E-07
1025.168624;0.014751849;7.26E-07
1018.854788;0.014937117;7.16E-07
1012.550464;0.015125848;7.06E-07
1006.2556;0.015318102;6.96E-07
999.9701557;0.01551394;6.86E-07
993.6940993;0.015713423;6.76E-07
987.4274112;0.015916612;6.66E-07
981.1700818;0.01612357;6.57E-07
974.9221128;0.01633436;6.47E-07
968.683517;0.016549046;6.38E-07
962.4543185;0.016767693;6.28E-07
956.234553;0.016990367;6.19E-07
950.0242675;0.017217133;6.10E-07
943.8235209;0.017448059;6.00E-07
937.6323837;0.017683214;5.91E-07
931.4509386;0.017922667;5.83E-07
925.2792796;0.018166487;5.74E-07
919.1175132;0.018414746;5.65E-07
912.9657574;0.018667517;5.56E-07
906.8241423;0.018924873;5.48E-07
900.69281;0.019186887;5.39E-07
894.5719143;0.019453637;5.31E-07
888.4616208;0.0197252;5.23E-07
882.3621069;0.020001652;5.14E-07
876.2735615;0.020283075;5.06E-07
870.1961851;0.020569549;4.98E-07
864.1301897;0.020861157;4.90E-07
858.0757981;0.021157982;4.83E-07
852.0332446;0.021460112;4.75E-07
846.002774;0.021767632;4.67E-07
839.9846421;0.022080632;4.60E-07
833.9791147;0.022399203;4.52E-07
827.9864682;0.022723437;4.45E-07
822.0069886;0.02305343;4.38E-07
816.0409719;0.023389278;4.31E-07
810.0887232;0.023731079;4.24E-07
804.1505568;0.024078935;4.17E-07
798.2267958;0.024432948;4.10E-07
792.3177717;0.024793225;4.03E-07
786.423824;0.025159873;3.97E-07
780.5453002;0.025533002;3.90E-07
774.682555;0.025912726;3.84E-07
768.8359503;0.026299161;3.77E-07
763.0058544;0.026692424;3.71E-07
757.1926421;0.027092637;3.65E-07
751.3966939;0.027499925;3.59E-07
745.6183958;0.027914416;3.53E-07
739.8581389;0.028336238;3.47E-07
734.1163188;0.028765527;3.41E-07
728.3933353;0.02920242;3.35E-07
722.6895922;0.029647057;3.30E-07
717.0054963;0.030099583;3.24E-07
711.3414575;0.030560145;3.19E-07
705.6978882;0.031028896;3.13E-07
700.0752026;0.031505991;3.08E-07
694.4738168;0.031991589;3.03E-07
688.8941479;0.032485855;2.98E-07
683.3366135;0.032988955;2.93E-07
677.8016319;0.033501064;2.88E-07
672.2896208;0.034022356;2.83E-07
666.8009977;0.034553013;2.78E-07
661.3361787;0.035093221;2.73E-07
655.8955787;0.035643171;2.68E-07
650.4796106;0.036203058;2.64E-07
645.0886851;0.036773081;2.59E-07
639.72321;0.037353447;2.55E-07
634.3835902;0.037944365;2.50E-07
629.0702268;0.038546052;2.46E-07
623.7835173;0.039158727;2.42E-07
618.5238546;0.039782619;2.37E-07
613.291627;0.040417957;2.33E-07
608.0872177;0.041064981;2.29E-07
602.9110045;0.041723932;2.25E-07
597.7633592;0.04239506;2.21E-07
592.6446477;0.04307862;2.17E-07
587.5552292;0.043774871;2.13E-07
582.4954559;0.044484082;2.09E-07
577.4656731;0.045206523;2.05E-07
572.4662183;0.045942474;2.01E-07
567.4974212;0.046692221;1.98E-07
562.5596036;0.047456053;1.94E-07
557.6530784;0.048234269;1.90E-07
552.7781501;0.049027172;1.87E-07
547.9351141;0.049835073;1.83E-07
543.1242563;0.050658287;1.80E-07
538.3458532;0.051497139;1.77E-07
533.6001715;0.052351957;1.73E-07
528.8874677;0.053223078;1.70E-07
524.207988;0.054110844;1.67E-07
519.5619682;0.055015603;1.64E-07
514.9496331;0.055937712;1.60E-07
510.3711967;0.056877532;1.57E-07
505.8268618;0.057835432;1.54E-07
501.3168199;0.058811786;1.51E-07
496.8412508;0.059806975;1.48E-07
492.4003228;0.060821388;1.46E-07
487.9941922;0.061855418;1.43E-07
483.6230034;0.062909464;1.40E-07
479.2868887;0.063983935;1.37E-07
474.9859681;0.065079241;1.35E-07
470.7203492;0.066195801;1.32E-07
466.4901273;0.06733404;1.29E-07
462.2953852;0.068494387;1.27E-07
458.136193;0.069677278;1.24E-07
454.0126082;0.070883155;1.22E-07
449.9246758;0.072112464;1.19E-07
445.872428;0.073365657;1.17E-07
441.8558844;0.074643191;1.15E-07
437.8750517;0.075945527;1.12E-07
433.9299244;0.077273133;1.10E-07
430.0204841;0.078626479;1.08E-07
426.1467;0.080006041;1.06E-07
422.3085288;0.081412298;1.04E-07
418.5059151;0.082845732;1.02E-07
414.738791;0.084306832;9.96E-08
411.0070768;0.085796086;9.76E-08
407.3106807;0.087313989;9.56E-08
403.6494993;0.088861035;9.37E-08
400.0234177;0.090437724;9.18E-08
396.4323097;0.092044556;9.00E-08
392.876038;0.093682033;8.82E-08
389.3544544;0.095350659;8.64E-08
385.8674004;0.097050939;8.47E-08
382.4147072;0.098783381;8.30E-08
378.9961961;0.100548489;8.13E-08
375.6116787;0.102346771;7.97E-08
372.2609575;0.104178734;7.81E-08
368.9438263;0.106044884;7.66E-08
365.6600701;0.107945726;7.51E-08
362.4094662;0.109881764;7.36E-08
359.1917841;0.1118535;7.21E-08
356.006786;0.113861435;7.07E-08
352.8542276;0.115906066;6.93E-08
349.733858;0.11798789;6.80E-08
346.6454208;0.120107397;6.67E-08
343.588654;0.122265076;6.54E-08
340.5632908;0.124461412;6.41E-08
337.56906;0.126696886;6.29E-08
334.6056867;0.128971973;6.16E-08
331.6728923;0.131287144;6.05E-08
328.7703955;0.133642865;5.93E-08
325.8979127;0.136039595;5.82E-08
323.0551582;0.138477789;5.70E-08
320.241845;0.140957895;5.60E-08
317.4576852;0.143480354;5.49E-08
314.7023905;0.146045599;5.38E-08
311.9756724;0.14865406;5.28E-08
309.277243;0.151306155;5.18E-08
306.6068156;0.154002297;5.08E-08
303.9641043;0.156742891;4.99E-08
301.3488254;0.159528334;4.89E-08
298.7606971;0.162359014;4.80E-08
296.1994402;0.165235312;4.71E-08
293.6647782;0.168157599;4.62E-08
291.1564381;0.17112624;4.53E-08
288.6741501;0.174141588;4.44E-08
286.2176482;0.17720399;4.36E-08
283.7866704;0.180313783;4.28E-08
281.3809589;0.183471297;4.20E-08
279.0002605;0.186676851;4.12E-08
276.6443262;0.189930755;4.04E-08
274.312912;0.193233314;3.97E-08
272.0057788;0.19658482;3.89E-08
269.722692;0.19998556;3.82E-08
267.4634222;0.20343581;3.75E-08
265.2277451;0.206935839;3.68E-08
263.015441;0.210485908;3.61E-08
260.8262955;0.21408627;3.55E-08
258.6600987;0.217737169;3.48E-08
256.5166458;0.221438842;3.42E-08
254.3957365;0.22519152;3.36E-08
252.2971751;0.228995426;3.30E-08
250.2207702;0.232850774;3.24E-08
248.1663347;0.236757774;3.18E-08
246.1336855;0.240716628;3.13E-08
244.1226434;0.244727533;3.07E-08
242.1330326;0.248790678;3.02E-08
240.1646808;0.252906248;2.97E-08
238.2174188;0.257074422;2.92E-08
236.2910803;0.261295374;2.87E-08
234.3855014;0.265569272;2.82E-08
232.5005207;0.269896279;2.78E-08
230.6359788;0.274276556;2.73E-08
228.7917181;0.278710257;2.69E-08
226.9675825;0.283197533;2.64E-08
225.1634171;0.28773853;2.60E-08
223.379068;0.292333393;2.56E-08
221.614382;0.29698226;2.52E-08
219.8692064;0.301685268;2.48E-08
218.1433886;0.306442551;2.45E-08
